{
  "model_type": "GAT",
  "heads": 4,
  "hidden_channels": 64,
  "num_parameters": 190734,
  "best_val_acc": 0.7329693804889628,
  "test_acc": 0.7273374466065496,
  "test_top3_acc": 0.865923113431419,
  "num_epochs": 10,
  "train_losses": [
    5.693157196044922,
    4.968435764312744,
    3.9338130950927734,
    3.1362316608428955,
    2.5875651836395264,
    2.1987502574920654,
    1.9461355209350586,
    1.7737374305725098,
    1.697499394416809,
    1.6895720958709717
  ],
  "val_accuracies": [
    0.029195347733206742,
    0.11915499643959174,
    0.4960835509138381,
    0.68193686209352,
    0.7298836933301686,
    0.7329693804889628
  ],
  "val_top3_accuracies": [
    0.07334441015903156,
    0.2349869451697128,
    0.6959411345834322,
    0.8340849750771422,
    0.8604319962022312,
    0.8630429622596725
  ]
}