{
  "model_type": "EnhancedGCN",
  "num_layers": 3,
  "hidden_dim": 128,
  "num_parameters": 110162,
  "best_val_acc": 0.24333333333333335,
  "test_acc": 0.22466666666666665,
  "test_top3_acc": 0.402,
  "num_epochs": 50,
  "train_losses": [
    3.7678451538085938,
    3.7161970138549805,
    3.6742801666259766,
    3.6377346515655518,
    3.60790753364563,
    3.5894594192504883,
    3.552259922027588,
    3.535156726837158,
    3.5152015686035156,
    3.5017590522766113,
    3.4843406677246094,
    3.468661069869995,
    3.452359437942505,
    3.444810628890991,
    3.4223923683166504,
    3.4103329181671143,
    3.401094436645508,
    3.3946778774261475,
    3.3796322345733643,
    3.3743093013763428,
    3.3498904705047607,
    3.345215320587158,
    3.3285207748413086,
    3.319878578186035,
    3.311253309249878,
    3.300875425338745,
    3.2880024909973145,
    3.2792913913726807,
    3.270045518875122,
    3.256833553314209,
    3.2483601570129395,
    3.23713755607605,
    3.223339080810547,
    3.2156283855438232,
    3.2051162719726562,
    3.198808431625366,
    3.183601140975952,
    3.178978204727173,
    3.165184259414673,
    3.1685197353363037,
    3.156898021697998,
    3.1475870609283447,
    3.134133815765381,
    3.136453866958618,
    3.117724895477295,
    3.111922264099121,
    3.111210584640503,
    3.1055116653442383,
    3.0955731868743896,
    3.090380907058716
  ],
  "val_accuracies": [
    0.042,
    0.1,
    0.146,
    0.16,
    0.16533333333333333,
    0.17466666666666666,
    0.17333333333333334,
    0.17466666666666666,
    0.186,
    0.18466666666666667,
    0.19266666666666668,
    0.19733333333333333,
    0.20133333333333334,
    0.214,
    0.21466666666666667,
    0.22,
    0.22666666666666666,
    0.22266666666666668,
    0.228,
    0.232,
    0.23266666666666666,
    0.24,
    0.24333333333333335,
    0.24066666666666667,
    0.23933333333333334,
    0.24333333333333335
  ],
  "val_top3_accuracies": [
    0.14066666666666666,
    0.198,
    0.25666666666666665,
    0.3006666666666667,
    0.33066666666666666,
    0.3433333333333333,
    0.356,
    0.3526666666666667,
    0.35333333333333333,
    0.3546666666666667,
    0.358,
    0.36733333333333335,
    0.37333333333333335,
    0.382,
    0.38666666666666666,
    0.388,
    0.3933333333333333,
    0.402,
    0.41133333333333333,
    0.4166666666666667,
    0.41,
    0.414,
    0.42,
    0.424,
    0.42866666666666664,
    0.43133333333333335
  ]
}