{
  "model_type": "gat",
  "num_parameters": 331899,
  "best_val_acc": 0.1272,
  "test_acc": 0.1324,
  "num_epochs": 30,
  "train_losses": [
    4.324149131774902,
    3.9399068355560303,
    3.7615749835968018,
    3.7405030727386475,
    3.7065343856811523,
    3.727051019668579,
    3.7321090698242188,
    3.7107956409454346,
    3.716019630432129,
    3.6782970428466797,
    3.7009997367858887,
    3.6912717819213867,
    3.665818929672241,
    3.6302578449249268,
    3.652080774307251,
    3.626953125,
    3.6494054794311523,
    3.6306705474853516,
    3.6191234588623047,
    3.637666702270508,
    3.6030359268188477,
    3.589824676513672,
    3.6135501861572266,
    3.5832929611206055,
    3.5827462673187256,
    3.5808959007263184,
    3.576641082763672,
    3.589850664138794,
    3.569735288619995,
    3.58860182762146
  ],
  "val_accuracies": [
    0.0332,
    0.0264,
    0.038533333333333336,
    0.058666666666666666,
    0.10746666666666667,
    0.12386666666666667,
    0.1272
  ]
}